                  epoch,         train/box_loss,         train/cls_loss,         train/dfl_loss,   metrics/precision(B),      metrics/recall(B),       metrics/mAP50(B),    metrics/mAP50-95(B),           val/box_loss,           val/cls_loss,           val/dfl_loss,                 lr/pg0,                 lr/pg1,                 lr/pg2
                      1,                 3.1824,                 6.1981,                 5.2525,                0.00039,                    0.1,                0.00148,                0.00038,                 2.7704,                 5.6938,                 4.1608,                 0.0001,                 0.0001,                 0.0001
                      2,                 3.0575,                 5.7186,                  4.599,                 0.0004,                    0.1,                0.00222,                0.00059,                 2.7711,                 5.6948,                 4.1634,             0.00020896,             0.00020896,             0.00020896
                      3,                 3.0006,                 5.5015,                 4.3713,                0.00097,                0.07778,                0.00241,                0.00107,                 2.7738,                 5.7097,                 4.1699,             0.00031683,             0.00031683,             0.00031683
                      4,                 3.0274,                 5.3799,                 4.1979,                0.00093,                0.07778,                 0.0066,                0.00401,                 2.7743,                 5.6007,                 4.1805,             0.00042361,             0.00042361,             0.00042361
                      5,                 3.0333,                 5.0997,                 4.0584,                0.00079,                0.08889,                0.00099,                0.00032,                 2.7704,                 5.5259,                 4.1981,             0.00052931,             0.00052931,             0.00052931
                      6,                 3.1123,                   4.92,                 3.9886,                0.00098,                0.08889,                0.00101,                0.00031,                 2.7754,                 5.3794,                 4.2212,             0.00063391,             0.00063391,             0.00063391
                      7,                 3.0072,                 4.6761,                 3.9407,                0.00075,                0.08889,                0.00116,                0.00044,                 2.7786,                 5.0614,                 4.2388,             0.00073743,             0.00073743,             0.00073743
                      8,                 2.9374,                 4.5109,                 3.8826,                0.00041,                    0.1,                0.00132,                0.00045,                 2.7769,                 5.0225,                 4.2619,             0.00083985,             0.00083985,             0.00083985
                      9,                 2.8823,                 4.5152,                 3.7516,                0.00041,                    0.1,                0.00234,                0.00094,                 2.7766,                 4.9071,                 4.2783,             0.00094119,             0.00094119,             0.00094119
                     10,                  2.897,                 4.4907,                 3.7475,                0.00048,                0.08889,                0.00114,                0.00038,                 2.7708,                  4.904,                 4.2977,             0.00095545,             0.00095545,             0.00095545
                     11,                 2.8509,                 4.1941,                 3.6278,                0.00048,                0.08889,                 0.0012,                0.00034,                 2.7597,                 4.9511,                 4.2926,             0.00095545,             0.00095545,             0.00095545
                     12,                 2.7731,                 4.1031,                 3.5658,                0.00051,                0.08889,                 0.0022,                0.00094,                 2.7217,                  4.984,                 4.2618,              0.0009505,              0.0009505,              0.0009505
                     13,                 2.8941,                  4.311,                 3.5721,                0.00048,                0.08889,                0.00136,                0.00042,                 2.6444,                 4.9006,                 4.1594,             0.00094555,             0.00094555,             0.00094555
                     14,                 2.7745,                 4.2196,                 3.5099,                0.00175,                0.33624,                0.06934,                0.01731,                 2.5702,                 4.3141,                 3.6828,              0.0009406,              0.0009406,              0.0009406
                     15,                 2.8197,                 4.1644,                 3.4356,                0.75185,                0.10135,                0.23792,                 0.0831,                 2.4896,                 3.5269,                 3.3266,             0.00093565,             0.00093565,             0.00093565
                     16,                 2.6941,                  4.053,                 3.3231,                0.22831,                 0.2449,                0.22315,                0.06739,                 2.4772,                 3.5395,                 3.1878,              0.0009307,              0.0009307,              0.0009307
                     17,                 2.7827,                 4.0362,                 3.3946,                0.27307,                0.26432,                0.27059,                0.09276,                  2.419,                  3.413,                 3.1099,             0.00092575,             0.00092575,             0.00092575
                     18,                 2.6845,                 3.8118,                 3.3345,                0.60561,                0.19113,                0.27594,                 0.1105,                 2.3517,                 3.2417,                 3.1131,              0.0009208,              0.0009208,              0.0009208
                     19,                 2.6051,                 3.8658,                  3.245,                0.20673,                0.45711,                0.27933,                0.10758,                 2.3726,                 3.3125,                 3.0572,             0.00091585,             0.00091585,             0.00091585
                     20,                 2.6768,                 3.8997,                 3.2977,                0.11542,                0.55758,                0.26844,                0.10933,                 2.3337,                  3.183,                 3.0668,              0.0009109,              0.0009109,              0.0009109
                     21,                 2.6413,                 3.8886,                 3.2538,                0.17689,                0.37551,                0.26675,                0.12054,                 2.3566,                 3.0299,                 3.0689,             0.00090595,             0.00090595,             0.00090595
                     22,                 2.5971,                  3.772,                 3.2368,                0.20459,                0.27891,                 0.2783,                0.11093,                 2.3215,                  3.078,                  3.085,               0.000901,               0.000901,               0.000901
                     23,                 2.6886,                  3.723,                 3.2693,                0.43931,                0.20492,                0.22693,                0.07988,                 2.6222,                 3.3303,                 3.4273,             0.00089605,             0.00089605,             0.00089605
                     24,                 2.6151,                 3.8132,                   3.22,                0.78757,                0.17692,                0.28896,                0.09131,                 2.4415,                 3.2219,                  3.111,              0.0008911,              0.0008911,              0.0008911
                     25,                 2.5542,                 3.8958,                  3.213,                0.90265,                0.17688,                0.23056,                0.06913,                 2.3525,                 3.7627,                  3.064,             0.00088615,             0.00088615,             0.00088615
                     26,                  2.574,                  3.741,                 3.1922,                0.92882,                0.17929,                0.28268,                0.13163,                 2.2051,                 3.7775,                 2.9712,              0.0008812,              0.0008812,              0.0008812
                     27,                 2.5847,                 3.8221,                 3.1807,                0.48959,                0.21162,                0.25748,                0.06695,                 2.1939,                 3.1208,                 3.0238,             0.00087625,             0.00087625,             0.00087625
                     28,                  2.389,                 3.5127,                 3.0962,                0.81979,                0.08144,                0.12815,                0.04097,                 2.2932,                 3.3104,                 3.1086,              0.0008713,              0.0008713,              0.0008713
                     29,                 2.5801,                 3.6601,                 3.1504,                0.77595,                0.09659,                0.16541,                0.05549,                 2.2842,                 3.2385,                 3.1416,             0.00086635,             0.00086635,             0.00086635
                     30,                 2.5458,                 3.5706,                 3.1282,                 0.4337,                0.43988,                0.37851,                0.17451,                 2.2508,                 2.9106,                 2.9072,              0.0008614,              0.0008614,              0.0008614
                     31,                  2.476,                 3.5884,                 3.0792,                 0.3257,                0.61099,                0.47843,                0.15204,                 2.3397,                  3.081,                  3.008,             0.00085645,             0.00085645,             0.00085645
                     32,                 2.5185,                 3.5301,                 3.0959,                0.56069,                 0.3961,                0.45983,                0.21276,                 2.1734,                 2.9113,                 2.9186,              0.0008515,              0.0008515,              0.0008515
                     33,                 2.3704,                 3.3598,                 2.9701,                0.31218,                0.44987,                0.38724,                 0.1708,                 2.2587,                 2.7014,                 2.9189,             0.00084655,             0.00084655,             0.00084655
                     34,                 2.4974,                 3.4552,                 3.0428,                0.31303,                0.55745,                0.47745,                0.23491,                 2.2483,                 2.7642,                 2.8654,              0.0008416,              0.0008416,              0.0008416
                     35,                 2.4675,                 3.4906,                 3.0684,                0.34514,                0.54924,                0.41554,                0.20082,                 2.1734,                 3.1816,                 2.9579,             0.00083665,             0.00083665,             0.00083665
                     36,                 2.3752,                 3.3616,                 3.0067,                0.40878,                0.66699,                0.47847,                0.21376,                 2.1941,                 2.7886,                   2.92,              0.0008317,              0.0008317,              0.0008317
                     37,                 2.3756,                 3.4172,                 3.0045,                0.59931,                0.46533,                0.47769,                0.21727,                 2.1689,                  2.666,                 2.8949,             0.00082675,             0.00082675,             0.00082675
                     38,                 2.3778,                 3.3261,                 2.9714,                0.40897,                0.48579,                0.45201,                0.20847,                  2.213,                 2.7121,                  2.867,              0.0008218,              0.0008218,              0.0008218
                     39,                 2.3592,                 3.2228,                  2.949,                0.45263,                0.55487,                  0.501,                0.21367,                 2.2042,                 2.4638,                 2.8911,             0.00081685,             0.00081685,             0.00081685
                     40,                 2.3183,                 3.3134,                 2.9546,                0.62853,                0.35391,                0.37041,                0.14173,                 2.3206,                 2.6601,                  2.978,              0.0008119,              0.0008119,              0.0008119
                     41,                 2.3334,                 3.2485,                 2.9027,                 0.4045,                0.45804,                 0.4272,                 0.1561,                 2.1786,                  2.667,                 2.8839,             0.00080695,             0.00080695,             0.00080695
                     42,                 2.3477,                 3.2096,                 2.9232,                0.38363,                0.45938,                0.47302,                0.22108,                 2.1233,                 2.5264,                 2.8045,               0.000802,               0.000802,               0.000802
                     43,                 2.3011,                 3.2002,                 2.9254,                0.63092,                0.33941,                0.42364,                0.17555,                 2.1655,                 2.7527,                 2.9079,             0.00079705,             0.00079705,             0.00079705
                     44,                 2.2732,                 3.0596,                  2.899,                0.55152,                0.35543,                0.41731,                0.17238,                 2.1835,                 2.6633,                  2.935,              0.0007921,              0.0007921,              0.0007921
                     45,                 2.2487,                 3.0551,                 2.8914,                0.52192,                 0.2702,                0.33574,                0.14622,                 2.3639,                 2.7783,                 3.0781,             0.00078715,             0.00078715,             0.00078715
                     46,                 2.2393,                 3.1075,                 2.8934,                 0.5628,                0.44035,                0.51294,                0.18711,                 2.3172,                 2.5576,                  3.013,              0.0007822,              0.0007822,              0.0007822
                     47,                 2.3238,                 3.1919,                 2.9288,                0.65851,                0.48887,                0.54083,                0.25984,                 2.1419,                 2.4651,                 2.8024,             0.00077725,             0.00077725,             0.00077725
                     48,                 2.3182,                 3.0755,                 2.9256,                0.50173,                0.62197,                0.57974,                0.27442,                 2.0286,                 2.6123,                 2.7799,              0.0007723,              0.0007723,              0.0007723
                     49,                 2.2793,                 2.9612,                 2.8806,                0.43451,                0.56515,                0.52798,                0.25266,                 2.0623,                 2.7634,                 2.7847,             0.00076735,             0.00076735,             0.00076735
                     50,                 2.2661,                 3.0354,                 2.8871,                0.49614,                0.62753,                0.50937,                0.21793,                 2.2537,                 2.4871,                 2.9064,              0.0007624,              0.0007624,              0.0007624
                     51,                 2.2169,                 3.0368,                 2.8515,                 0.5986,                 0.3908,                0.50356,                0.19781,                 2.2502,                 2.5095,                 2.9129,             0.00075745,             0.00075745,             0.00075745
                     52,                 2.2407,                 2.9805,                 2.8384,                0.35449,                0.55682,                0.44946,                0.22139,                 2.1444,                 2.4588,                 2.8484,              0.0007525,              0.0007525,              0.0007525
                     53,                 2.2735,                 3.0254,                 2.8411,                0.41659,                0.57551,                0.46674,                0.24193,                 2.0435,                   2.39,                 2.7261,             0.00074755,             0.00074755,             0.00074755
                     54,                 2.1933,                 3.0567,                  2.838,                0.46434,                0.58463,                0.54015,                0.25458,                 2.0629,                 2.3066,                 2.7508,              0.0007426,              0.0007426,              0.0007426
                     55,                 2.2329,                 3.0042,                  2.824,                0.55198,                0.55742,                 0.4984,                0.20667,                 2.1349,                 2.7306,                 2.8529,             0.00073765,             0.00073765,             0.00073765
                     56,                 2.2389,                 3.1083,                 2.8571,                0.40104,                0.46937,                0.43786,                0.19685,                 2.0398,                 3.7512,                 2.7417,              0.0007327,              0.0007327,              0.0007327
                     57,                 2.2566,                 3.0086,                 2.8126,                0.44771,                0.54539,                0.44836,                0.19149,                 2.0438,                 3.4231,                 2.7351,             0.00072775,             0.00072775,             0.00072775
                     58,                 2.1931,                 2.9177,                   2.83,                0.31137,                0.56584,                0.55041,                0.25995,                 2.0967,                 2.3281,                 2.8252,              0.0007228,              0.0007228,              0.0007228
                     59,                 2.1577,                 2.8871,                 2.8173,                0.58439,                0.59165,                0.55938,                0.23098,                 2.0874,                 2.2537,                 2.7892,             0.00071785,             0.00071785,             0.00071785
                     60,                 2.1177,                 2.7915,                 2.7336,                0.68541,                0.45163,                0.60174,                 0.2603,                 2.0801,                 2.1655,                 2.8102,              0.0007129,              0.0007129,              0.0007129
                     61,                  2.149,                 2.9508,                 2.7573,                0.61395,                0.46921,                 0.5643,                0.19808,                 2.2014,                 2.6374,                 2.9479,             0.00070795,             0.00070795,             0.00070795
                     62,                  2.213,                 2.9545,                 2.7956,                0.56511,                0.56439,                0.49725,                0.25284,                 1.9812,                 2.4003,                 2.6851,               0.000703,               0.000703,               0.000703
                     63,                 2.1124,                 3.0181,                 2.7624,                0.65789,                0.55656,                0.59808,                0.29381,                  2.036,                 2.3784,                 2.7671,             0.00069805,             0.00069805,             0.00069805
                     64,                 2.2005,                 3.0103,                 2.8435,                0.55555,                0.60051,                0.58826,                0.29252,                 2.0319,                 2.7965,                 2.7403,              0.0006931,              0.0006931,              0.0006931
                     65,                 2.1591,                 2.8977,                 2.7675,                0.52159,                0.60619,                0.52957,                0.23781,                 2.0234,                 2.3897,                 2.7111,             0.00068815,             0.00068815,             0.00068815
                     66,                 2.0742,                 2.8829,                 2.6988,                0.53245,                0.51101,                 0.5423,                0.24267,                 2.0516,                 2.4161,                 2.7062,              0.0006832,              0.0006832,              0.0006832
                     67,                  2.135,                 2.8024,                 2.7051,                0.55387,                  0.563,                0.60431,                0.30798,                 2.0265,                 2.0529,                 2.6578,             0.00067825,             0.00067825,             0.00067825
                     68,                 2.1617,                 2.8053,                 2.7994,                0.50312,                0.53414,                0.55251,                0.25459,                 2.0301,                 2.1223,                 2.6563,              0.0006733,              0.0006733,              0.0006733
                     69,                 2.1111,                 2.7264,                 2.7176,                 0.4829,                0.51503,                0.49592,                0.23709,                 2.0475,                 2.2335,                 2.6928,             0.00066835,             0.00066835,             0.00066835
                     70,                  2.054,                 2.6704,                 2.6619,                 0.4994,                0.59482,                0.57314,                0.28099,                 1.9271,                 2.1398,                 2.6227,              0.0006634,              0.0006634,              0.0006634
                     71,                 2.0281,                 2.6631,                 2.6638,                0.51824,                 0.6423,                0.58277,                0.25249,                 1.9865,                 2.1523,                 2.6489,             0.00065845,             0.00065845,             0.00065845
                     72,                 2.0838,                 2.7276,                 2.6866,                0.44336,                0.67629,                0.50363,                0.23558,                 1.9503,                 2.2615,                 2.6664,              0.0006535,              0.0006535,              0.0006535
                     73,                 2.0886,                 2.6736,                 2.7029,                0.52955,                0.55543,                0.53478,                0.28575,                 1.9597,                   2.26,                   2.65,             0.00064855,             0.00064855,             0.00064855
                     74,                 2.1127,                 2.6603,                   2.71,                 0.5879,                0.54381,                0.60077,                0.26937,                 1.9472,                 2.2409,                 2.6202,              0.0006436,              0.0006436,              0.0006436
                     75,                 2.0652,                 2.6978,                 2.7054,                0.52031,                0.62114,                0.59968,                0.27732,                 2.0099,                 2.0562,                 2.6665,             0.00063865,             0.00063865,             0.00063865
                     76,                 2.0561,                 2.5629,                  2.655,                0.41325,                0.71856,                0.54709,                0.27812,                 1.9603,                 2.0829,                 2.6204,              0.0006337,              0.0006337,              0.0006337
                     77,                 2.0727,                 2.7272,                 2.6991,                0.59919,                0.54028,                0.58748,                0.28125,                 1.9532,                 2.1921,                  2.653,             0.00062875,             0.00062875,             0.00062875
                     78,                  2.059,                 2.7184,                 2.6479,                0.48178,                0.60518,                0.56416,                0.26859,                 2.1333,                 2.4451,                 2.7748,              0.0006238,              0.0006238,              0.0006238
                     79,                 2.0614,                 2.6763,                 2.6704,                0.57648,                 0.6786,                0.66348,                0.30841,                  1.945,                 2.6889,                 2.6184,             0.00061885,             0.00061885,             0.00061885
                     80,                 2.1301,                 2.7867,                 2.6684,                0.45983,                0.62867,                0.61299,                0.29194,                 2.0092,                 2.2207,                 2.6871,              0.0006139,              0.0006139,              0.0006139
                     81,                 2.0514,                 2.6815,                 2.6818,                 0.6049,                0.62898,                0.59114,                0.30502,                 2.0521,                 2.0834,                 2.7009,             0.00060895,             0.00060895,             0.00060895
                     82,                 2.1052,                 2.6935,                 2.6476,                0.38277,                0.75626,                0.53449,                0.26029,                 1.9369,                 2.1446,                 2.6058,               0.000604,               0.000604,               0.000604
                     83,                 2.0498,                 2.8038,                 2.6498,                0.46261,                0.68106,                0.54785,                0.24566,                 2.0092,                 2.1233,                 2.7248,             0.00059905,             0.00059905,             0.00059905
                     84,                 2.0509,                 2.7278,                 2.6846,                0.49455,                0.56995,                 0.4892,                 0.2355,                 2.0547,                 2.2072,                 2.7148,              0.0005941,              0.0005941,              0.0005941
                     85,                 2.0179,                 2.6446,                 2.6354,                0.50381,                0.60861,                0.53357,                0.26453,                 2.0155,                 2.3008,                 2.7132,             0.00058915,             0.00058915,             0.00058915
                     86,                 2.0171,                 2.6926,                 2.6369,                0.40052,                0.55066,                0.52741,                0.23398,                  2.042,                 2.5664,                 2.7902,              0.0005842,              0.0005842,              0.0005842
                     87,                 1.9553,                 2.4322,                   2.56,                0.49872,                0.64051,                0.61869,                0.33367,                 1.9337,                 2.0836,                 2.5464,             0.00057925,             0.00057925,             0.00057925
                     88,                 2.0737,                 2.5758,                 2.6305,                0.46869,                0.60323,                0.60169,                0.31283,                 1.8606,                 1.9806,                 2.4781,              0.0005743,              0.0005743,              0.0005743
                     89,                  2.096,                 2.6979,                  2.712,                0.73038,                0.49411,                0.63968,                0.30605,                 1.9117,                 2.0244,                 2.5147,             0.00056935,             0.00056935,             0.00056935
                     90,                 2.0581,                 2.6229,                 2.6445,                0.68369,                0.51185,                0.60714,                 0.2957,                 1.9117,                 2.0118,                 2.5239,              0.0005644,              0.0005644,              0.0005644
                     91,                 2.0708,                 2.5407,                 2.6543,                0.52297,                0.53187,                0.49998,                0.23584,                 1.9944,                 2.1163,                  2.641,             0.00055945,             0.00055945,             0.00055945
                     92,                 2.0015,                  2.643,                 2.6185,                0.48671,                0.55656,                0.59706,                0.28935,                 1.8845,                  2.101,                 2.5487,              0.0005545,              0.0005545,              0.0005545
                     93,                 1.9889,                 2.5166,                 2.5214,                0.61412,                0.55517,                0.62726,                0.29486,                 1.9397,                 2.0721,                 2.5506,             0.00054955,             0.00054955,             0.00054955
                     94,                 1.9746,                 2.6243,                 2.5564,                0.51499,                0.72221,                0.63658,                0.32805,                 1.8804,                 1.8067,                 2.4792,              0.0005446,              0.0005446,              0.0005446
                     95,                 1.9504,                 2.3734,                 2.5446,                0.69069,                0.40062,                0.64546,                 0.2978,                 1.9939,                 2.2065,                 2.6516,             0.00053965,             0.00053965,             0.00053965
                     96,                 1.9999,                 2.4684,                 2.6054,                0.32404,                0.80694,                0.60542,                0.30914,                 1.9667,                 2.8482,                 2.6393,              0.0005347,              0.0005347,              0.0005347
                     97,                 1.9886,                 2.4033,                 2.5514,                0.45771,                0.74255,                0.64847,                0.31193,                 1.9459,                 2.4505,                 2.5591,             0.00052975,             0.00052975,             0.00052975
                     98,                 2.0082,                 2.3463,                 2.6122,                 0.6013,                0.64712,                 0.6403,                0.31401,                 1.9759,                 1.9944,                 2.5518,              0.0005248,              0.0005248,              0.0005248
                     99,                 1.9682,                 2.4975,                 2.5029,                0.54057,                0.72548,                0.65215,                 0.3249,                 1.9775,                 1.8246,                  2.589,             0.00051985,             0.00051985,             0.00051985
                    100,                 1.9847,                 2.3838,                 2.5892,                0.55781,                0.68581,                0.63322,                0.32687,                 1.9024,                 1.8432,                 2.4772,              0.0005149,              0.0005149,              0.0005149
                    101,                 1.9497,                 2.3052,                 2.5339,                0.51523,                0.71764,                0.67205,                0.34979,                 1.8706,                 1.8383,                  2.453,             0.00050995,             0.00050995,             0.00050995
                    102,                 1.9369,                 2.3499,                 2.4935,                0.51739,                 0.5807,                0.63536,                0.27834,                 1.9452,                 2.0951,                 2.5479,               0.000505,               0.000505,               0.000505
                    103,                 1.9941,                 2.4789,                 2.5444,                0.51995,                0.59207,                0.67255,                0.34886,                 1.8778,                 2.0798,                  2.439,             0.00050005,             0.00050005,             0.00050005
                    104,                 1.9263,                 2.4036,                 2.4595,                0.69194,                0.49888,                0.64847,                0.32242,                 1.8897,                 2.0273,                 2.4678,              0.0004951,              0.0004951,              0.0004951
                    105,                 1.9402,                 2.5851,                 2.5242,                0.62179,                0.55831,                0.64835,                0.33971,                 1.8347,                 1.9318,                 2.3899,             0.00049015,             0.00049015,             0.00049015
                    106,                 1.9865,                 2.3694,                 2.4972,                 0.5361,                0.64176,                 0.6687,                0.35841,                 1.8739,                 1.8152,                 2.4449,              0.0004852,              0.0004852,              0.0004852
                    107,                 1.8826,                 2.3193,                 2.4744,                0.66061,                0.60438,                0.67416,                0.33228,                 1.9857,                 1.9025,                 2.5957,             0.00048025,             0.00048025,             0.00048025
                    108,                 1.9288,                 2.3967,                  2.502,                0.57229,                0.71878,                0.70835,                0.37507,                 1.8596,                 1.9903,                 2.4232,              0.0004753,              0.0004753,              0.0004753
                    109,                 1.9238,                 2.2766,                  2.481,                0.65685,                 0.5601,                0.68571,                0.38133,                 1.8314,                 2.0086,                 2.4124,             0.00047035,             0.00047035,             0.00047035
                    110,                 1.8904,                 2.3293,                 2.4574,                0.56168,                 0.5976,                0.64476,                0.32112,                 1.9575,                 2.0241,                 2.5975,              0.0004654,              0.0004654,              0.0004654
                    111,                 1.9215,                 2.3048,                 2.4685,                0.60244,                0.62505,                0.65447,                  0.322,                 2.0037,                 1.8692,                 2.6715,             0.00046045,             0.00046045,             0.00046045
                    112,                 1.8488,                 2.2922,                 2.4258,                0.59806,                0.66259,                0.68493,                0.35456,                 1.9236,                 1.8484,                  2.545,              0.0004555,              0.0004555,              0.0004555
                    113,                 1.8627,                 2.3369,                 2.4697,                0.64703,                0.53969,                0.64015,                0.33327,                 1.8859,                 1.8842,                 2.4457,             0.00045055,             0.00045055,             0.00045055
                    114,                 1.9467,                 2.3927,                 2.5072,                0.67772,                0.62837,                0.67625,                 0.3411,                 1.8522,                 1.9267,                 2.4217,              0.0004456,              0.0004456,              0.0004456
                    115,                 1.9095,                 2.2303,                 2.4517,                0.66898,                0.62912,                0.67603,                0.33507,                  1.897,                 1.9325,                 2.4885,             0.00044065,             0.00044065,             0.00044065
                    116,                 1.8921,                 2.3081,                 2.4664,                0.61923,                0.64217,                0.65842,                0.34843,                 1.8133,                 1.8031,                 2.3789,              0.0004357,              0.0004357,              0.0004357
                    117,                 1.8453,                 2.2384,                 2.4324,                0.59966,                0.65162,                0.66762,                  0.361,                 1.8119,                 1.7978,                 2.3349,             0.00043075,             0.00043075,             0.00043075
                    118,                 1.8957,                 2.3472,                 2.4131,                0.60293,                0.60597,                0.64581,                0.36158,                 1.7859,                 1.8443,                 2.3045,              0.0004258,              0.0004258,              0.0004258
                    119,                 1.7932,                 2.2597,                 2.3885,                0.51343,                0.68461,                0.62651,                0.34664,                 1.7862,                 1.8841,                 2.3694,             0.00042085,             0.00042085,             0.00042085
                    120,                 1.8034,                 2.2251,                 2.3906,                 0.5926,                0.53361,                0.64917,                0.34534,                  1.801,                 1.8411,                  2.417,              0.0004159,              0.0004159,              0.0004159
                    121,                 1.8409,                 2.3359,                 2.4482,                0.49452,                0.65077,                0.61196,                0.32834,                 1.8191,                 1.8749,                 2.4086,             0.00041095,             0.00041095,             0.00041095
                    122,                 1.8725,                 2.3378,                 2.4595,                   0.63,                0.57768,                0.63652,                 0.3487,                 1.8649,                 1.8798,                 2.4806,               0.000406,               0.000406,               0.000406
                    123,                 1.8428,                  2.234,                  2.454,                0.66762,                0.61301,                 0.6802,                 0.3459,                 1.8495,                 1.8187,                 2.4426,             0.00040105,             0.00040105,             0.00040105
                    124,                 1.9367,                 2.3297,                 2.4976,                0.60501,                0.64622,                0.63056,                0.34999,                 1.8635,                 1.7542,                 2.4513,              0.0003961,              0.0003961,              0.0003961
                    125,                 1.9059,                 2.2308,                 2.4693,                0.63375,                0.61172,                0.64377,                0.34892,                 1.8688,                  1.806,                 2.5042,             0.00039115,             0.00039115,             0.00039115
                    126,                 1.8507,                 2.2921,                  2.468,                  0.635,                0.71405,                 0.6915,                0.35263,                 1.8468,                 1.7474,                 2.4625,              0.0003862,              0.0003862,              0.0003862
                    127,                 1.8347,                 2.2425,                  2.429,                 0.6789,                0.55712,                0.70111,                0.36881,                 1.8085,                 1.7544,                 2.3899,             0.00038125,             0.00038125,             0.00038125
                    128,                 1.8298,                 2.3139,                 2.4502,                0.57375,                0.69547,                0.66266,                0.33004,                 1.7807,                 1.9282,                 2.4492,              0.0003763,              0.0003763,              0.0003763
                    129,                 1.8167,                 2.3268,                 2.4772,                 0.5649,                0.63449,                0.63367,                0.29282,                 1.8404,                 1.9673,                 2.5403,             0.00037135,             0.00037135,             0.00037135
                    130,                 1.8115,                 2.2318,                 2.4325,                0.55715,                0.65255,                0.67086,                0.33532,                 1.8597,                  1.879,                  2.551,              0.0003664,              0.0003664,              0.0003664
                    131,                 1.8835,                 2.2449,                   2.45,                0.59358,                0.75758,                0.71352,                0.40018,                 1.7877,                  1.749,                 2.4257,             0.00036145,             0.00036145,             0.00036145
                    132,                 1.8264,                 2.2024,                 2.3772,                0.55212,                0.74426,                0.68721,                0.37515,                 1.7878,                 1.7732,                 2.4215,              0.0003565,              0.0003565,              0.0003565
                    133,                 1.7775,                 2.1766,                  2.379,                0.49844,                0.68818,                0.64542,                0.34987,                 1.7972,                 1.7865,                 2.4552,             0.00035155,             0.00035155,             0.00035155
                    134,                 1.7489,                 2.2155,                 2.4039,                0.58143,                0.62708,                0.64359,                0.33311,                 1.8573,                   1.74,                 2.5478,              0.0003466,              0.0003466,              0.0003466
                    135,                 1.8579,                 2.2488,                  2.475,                0.65119,                0.66779,                0.67643,                0.35771,                 1.8406,                 1.7004,                  2.455,             0.00034165,             0.00034165,             0.00034165
                    136,                 1.8155,                 2.2807,                 2.4019,                 0.5316,                0.65733,                0.67586,                0.35478,                 1.8378,                 1.7334,                 2.4242,              0.0003367,              0.0003367,              0.0003367
                    137,                 1.8572,                 2.2648,                 2.4685,                0.56136,                0.69047,                0.68941,                0.39298,                 1.8092,                 1.6717,                 2.3773,             0.00033175,             0.00033175,             0.00033175
                    138,                  1.759,                 2.1049,                 2.3485,                0.56134,                0.70524,                0.71112,                 0.4007,                 1.8458,                 1.7151,                 2.4571,              0.0003268,              0.0003268,              0.0003268
                    139,                 1.7129,                 2.1196,                 2.3487,                0.66175,                0.68788,                0.74343,                0.38285,                  1.815,                 1.6846,                 2.4472,             0.00032185,             0.00032185,             0.00032185
                    140,                 1.8426,                 2.2401,                 2.4301,                 0.6325,                0.68573,                0.72125,                0.38381,                 1.7347,                 1.7172,                 2.3606,              0.0003169,              0.0003169,              0.0003169
                    141,                 1.8115,                  2.132,                 2.4144,                 0.6001,                0.67358,                0.69574,                0.34745,                 1.8506,                 1.7335,                 2.4905,             0.00031195,             0.00031195,             0.00031195
                    142,                  1.834,                 2.2006,                 2.4295,                0.60204,                0.61007,                0.67037,                0.32452,                  1.833,                  1.696,                 2.5141,               0.000307,               0.000307,               0.000307
                    143,                 1.8169,                 2.2133,                 2.4049,                0.60813,                0.66654,                 0.6461,                0.33196,                 1.7368,                 1.6997,                 2.3828,             0.00030205,             0.00030205,             0.00030205
                    144,                 1.7548,                 2.1805,                 2.3753,                0.49753,                0.71578,                0.61474,                0.33356,                 1.8155,                 1.7286,                 2.4329,              0.0002971,              0.0002971,              0.0002971
                    145,                 1.7878,                 2.1193,                 2.3558,                0.52833,                0.78523,                 0.6804,                0.38257,                 1.7739,                 1.6783,                 2.4048,             0.00029215,             0.00029215,             0.00029215
                    146,                 1.8028,                 2.1791,                 2.3877,                0.53364,                0.80543,                0.72739,                0.40736,                 1.7424,                 1.6842,                 2.3357,              0.0002872,              0.0002872,              0.0002872
                    147,                 1.8672,                 2.2828,                  2.433,                 0.7157,                 0.5925,                0.72181,                0.39473,                 1.8057,                 1.6697,                 2.3906,             0.00028225,             0.00028225,             0.00028225
                    148,                 1.7846,                 2.1431,                 2.3681,                0.66346,                0.64854,                0.68032,                0.34933,                 1.8211,                 1.7649,                 2.4508,              0.0002773,              0.0002773,              0.0002773
                    149,                 1.7324,                 2.0759,                 2.3209,                0.50329,                0.64132,                0.60896,                0.33765,                  1.802,                 1.7624,                 2.4428,             0.00027235,             0.00027235,             0.00027235
                    150,                 1.7775,                 2.1368,                 2.3853,                0.44364,                0.71212,                0.60979,                0.32815,                 1.8047,                 1.7109,                 2.4389,              0.0002674,              0.0002674,              0.0002674
                    151,                 1.7714,                 2.0045,                 2.3065,                0.52767,                0.71467,                0.66208,                0.34467,                 1.8737,                 1.6365,                 2.5314,             0.00026245,             0.00026245,             0.00026245
                    152,                 1.8293,                 2.2573,                 2.4184,                0.57966,                0.75342,                0.72275,                0.36652,                 1.9628,                 1.6588,                 2.6106,              0.0002575,              0.0002575,              0.0002575
                    153,                 1.7143,                 2.0459,                 2.3441,                0.65983,                0.68624,                0.73348,                0.39124,                 1.8872,                 1.6405,                 2.4928,             0.00025255,             0.00025255,             0.00025255
                    154,                 1.7243,                 1.9996,                  2.283,                0.72895,                0.66779,                0.73194,                0.41636,                 1.7184,                 1.6148,                 2.3304,              0.0002476,              0.0002476,              0.0002476
                    155,                 1.7731,                 2.0942,                 2.3692,                0.60937,                0.68526,                0.68698,                 0.3774,                 1.6948,                 1.7589,                 2.3131,             0.00024265,             0.00024265,             0.00024265
                    156,                 1.7584,                 2.1247,                 2.3878,                0.70326,                0.62987,                0.69165,                0.35766,                 1.7392,                 1.8114,                 2.3505,              0.0002377,              0.0002377,              0.0002377
                    157,                 1.7074,                 1.9847,                 2.3358,                 0.6476,                0.67732,                0.71966,                0.37755,                 1.7956,                 1.7456,                 2.4341,             0.00023275,             0.00023275,             0.00023275
                    158,                 1.7661,                 2.0907,                 2.3594,                0.54523,                0.76098,                0.74512,                0.38468,                  1.831,                 1.6626,                 2.4986,              0.0002278,              0.0002278,              0.0002278
                    159,                 1.7639,                 2.0086,                  2.352,                0.60214,                0.78299,                0.75548,                0.40183,                 1.7743,                 1.5825,                 2.4019,             0.00022285,             0.00022285,             0.00022285
                    160,                 1.7492,                 2.0308,                 2.2875,                 0.6765,                0.70461,                0.71995,                0.37911,                 1.7276,                 1.5748,                 2.3034,              0.0002179,              0.0002179,              0.0002179
                    161,                 1.7016,                 2.0068,                  2.274,                0.63612,                0.76355,                0.73726,                0.40082,                 1.7367,                 1.5647,                 2.3185,             0.00021295,             0.00021295,             0.00021295
                    162,                 1.6538,                 1.9302,                 2.2908,                0.68986,                0.70766,                0.75517,                0.40755,                 1.7757,                 1.5594,                 2.3928,               0.000208,               0.000208,               0.000208
                    163,                 1.7031,                 2.0272,                 2.2473,                0.73498,                0.71608,                0.76742,                 0.4191,                 1.8103,                 1.4986,                 2.4296,             0.00020305,             0.00020305,             0.00020305
                    164,                 1.7669,                 2.0379,                 2.3518,                0.66201,                0.71024,                0.71252,                  0.395,                 1.7674,                 1.5524,                 2.3572,              0.0001981,              0.0001981,              0.0001981
                    165,                 1.7176,                 2.0501,                 2.2811,                0.57934,                0.68245,                0.66479,                0.37888,                 1.7823,                 1.6204,                 2.3734,             0.00019315,             0.00019315,             0.00019315
                    166,                 1.7984,                 2.1158,                 2.3625,                0.54428,                0.72967,                0.66694,                0.38562,                 1.7689,                 1.6305,                 2.3816,              0.0001882,              0.0001882,              0.0001882
                    167,                 1.7318,                  2.015,                 2.3034,                0.70113,                0.71874,                0.74209,                0.42144,                 1.7849,                 1.6148,                 2.4307,             0.00018325,             0.00018325,             0.00018325
                    168,                 1.6809,                  1.982,                 2.3149,                  0.795,                0.70328,                0.75838,                0.43216,                 1.7072,                 1.6296,                 2.3048,              0.0001783,              0.0001783,              0.0001783
                    169,                 1.7126,                 1.9224,                 2.3176,                0.77719,                0.67423,                0.73956,                0.41167,                 1.6967,                 1.6165,                 2.3159,             0.00017335,             0.00017335,             0.00017335
                    170,                 1.7028,                  1.991,                 2.3245,                0.69419,                 0.7197,                0.74287,                0.42984,                  1.706,                 1.5866,                 2.3629,              0.0001684,              0.0001684,              0.0001684
                    171,                  1.707,                 1.9382,                 2.2741,                  0.671,                0.73838,                 0.7353,                0.40804,                 1.7056,                 1.5811,                 2.3539,             0.00016345,             0.00016345,             0.00016345
                    172,                 1.7328,                 2.0559,                 2.2982,                0.68478,                0.72201,                0.71848,                0.39488,                  1.703,                 1.6277,                 2.3434,              0.0001585,              0.0001585,              0.0001585
                    173,                 1.7572,                 2.0665,                 2.3162,                0.66695,                0.74507,                0.71032,                0.39584,                 1.6861,                 1.6096,                 2.3149,             0.00015355,             0.00015355,             0.00015355
                    174,                 1.7547,                 1.9803,                  2.336,                0.64391,                0.76981,                0.72189,                0.41223,                 1.7037,                 1.5798,                 2.3089,              0.0001486,              0.0001486,              0.0001486
                    175,                 1.7459,                 1.9812,                 2.3221,                0.69993,                0.71437,                0.73786,                0.41484,                 1.7184,                 1.6071,                 2.3288,             0.00014365,             0.00014365,             0.00014365
                    176,                 1.7037,                 1.9849,                 2.3086,                0.70703,                 0.6893,                0.71569,                0.38612,                 1.7724,                 1.6101,                 2.3976,              0.0001387,              0.0001387,              0.0001387
                    177,                 1.7023,                 1.9817,                 2.2981,                0.69722,                0.68077,                0.71914,                0.39272,                 1.8065,                 1.5719,                 2.4343,             0.00013375,             0.00013375,             0.00013375
                    178,                 1.7044,                 2.0304,                 2.3557,                0.71125,                0.65846,                0.74314,                0.40067,                 1.8133,                  1.541,                 2.4508,              0.0001288,              0.0001288,              0.0001288
                    179,                 1.6551,                 1.9396,                 2.2745,                0.66675,                0.70353,                0.76208,                0.43904,                 1.7256,                   1.52,                 2.3158,             0.00012385,             0.00012385,             0.00012385
                    180,                 1.6552,                 1.9977,                 2.2821,                0.57954,                0.73535,                0.76793,                0.44203,                 1.7023,                 1.5234,                 2.2831,              0.0001189,              0.0001189,              0.0001189
                    181,                 1.7569,                 2.0955,                 2.3253,                0.53163,                0.73535,                0.74801,                0.43634,                 1.6955,                 1.5065,                 2.2857,             0.00011395,             0.00011395,             0.00011395
                    182,                 1.6383,                 1.9231,                 2.2197,                0.71904,                0.63553,                0.75299,                0.41291,                  1.717,                 1.5331,                 2.3376,               0.000109,               0.000109,               0.000109
                    183,                 1.6584,                 2.0478,                 2.2643,                0.67339,                 0.7129,                0.75176,                0.42699,                 1.7297,                 1.5231,                 2.3737,             0.00010405,             0.00010405,             0.00010405
                    184,                 1.7146,                 1.9594,                 2.3011,                0.68241,                0.74191,                0.74258,                 0.4322,                 1.6941,                  1.542,                  2.314,               9.91e-05,               9.91e-05,               9.91e-05
                    185,                 1.6727,                 2.1074,                 2.2937,                0.66024,                0.77419,                0.74711,                0.43036,                 1.6858,                 1.5446,                 2.2971,              9.415e-05,              9.415e-05,              9.415e-05
                    186,                 1.6485,                 1.8558,                 2.2241,                0.60294,                0.75102,                0.73918,                0.41763,                 1.6721,                 1.5126,                 2.2916,               8.92e-05,               8.92e-05,               8.92e-05
                    187,                 1.7303,                 2.0008,                 2.3368,                0.66975,                0.68625,                0.74579,                0.43296,                 1.6646,                 1.4992,                 2.2953,              8.425e-05,              8.425e-05,              8.425e-05
                    188,                 1.7293,                   2.04,                 2.2997,                 0.6458,                0.76449,                0.74945,                0.42556,                 1.6715,                 1.4892,                 2.3013,               7.93e-05,               7.93e-05,               7.93e-05
                    189,                 1.6867,                 1.9625,                 2.2904,                0.66362,                0.71907,                0.75018,                0.43069,                 1.6847,                 1.4876,                 2.3163,              7.435e-05,              7.435e-05,              7.435e-05
                    190,                 1.6777,                 1.9481,                 2.2539,                 0.6783,                0.71349,                0.76334,                0.43486,                 1.7131,                  1.484,                 2.3428,               6.94e-05,               6.94e-05,               6.94e-05
                    191,                 1.5953,                 1.8439,                 2.2112,                0.67237,                0.77397,                0.76059,                0.43318,                 1.7246,                 1.5076,                 2.3372,              6.445e-05,              6.445e-05,              6.445e-05
                    192,                 1.6214,                 1.9176,                 2.2624,                0.67324,                0.77501,                0.76339,                0.42639,                 1.7325,                 1.5155,                 2.3164,               5.95e-05,               5.95e-05,               5.95e-05
                    193,                 1.6019,                 1.8411,                 2.1715,                0.68856,                0.77078,                0.77196,                0.43504,                 1.7332,                 1.5078,                 2.3037,              5.455e-05,              5.455e-05,              5.455e-05
                    194,                 1.5835,                 1.8904,                 2.2267,                0.67433,                 0.7233,                0.77379,                0.43475,                 1.7286,                 1.5075,                 2.2895,               4.96e-05,               4.96e-05,               4.96e-05
                    195,                 1.6698,                 1.9339,                 2.2439,                0.68392,                0.68824,                0.76724,                0.42986,                 1.7236,                 1.4971,                 2.2813,              4.465e-05,              4.465e-05,              4.465e-05
                    196,                 1.5181,                 1.8255,                 2.1499,                0.59676,                0.74169,                0.76441,                0.43754,                  1.727,                 1.5006,                 2.3016,               3.97e-05,               3.97e-05,               3.97e-05
                    197,                 1.5758,                 1.8648,                 2.1843,                0.70898,                0.65218,                0.76333,                0.44485,                 1.7321,                  1.508,                  2.315,              3.475e-05,              3.475e-05,              3.475e-05
                    198,                 1.5828,                 1.8396,                 2.2316,                0.71288,                0.64195,                0.76295,                0.44806,                 1.7346,                 1.5024,                 2.3277,               2.98e-05,               2.98e-05,               2.98e-05
                    199,                 1.5301,                 1.7687,                 2.1533,                0.60078,                0.74924,                0.76932,                0.44686,                 1.7283,                  1.479,                 2.3237,              2.485e-05,              2.485e-05,              2.485e-05
                    200,                 1.5539,                  1.838,                 2.2104,                0.62095,                0.75859,                0.77026,                0.45273,                 1.7192,                  1.475,                 2.3238,               1.99e-05,               1.99e-05,               1.99e-05
